week_start,line_id,forecast_volume,actual_volume,planned_aht,actual_aht,planned_hc,actual_hc,planned_shrinkage,actual_shrinkage,sl_target,sl_actual,occupancy,cost_planned,cost_actual
2026-03-30,CS-VOICE,19566,18755,360,356,91,94,30,30,80,97.4,78.3,1638000,1703907
2026-04-06,CS-VOICE,21121,19409,360,355,99,100,30,30.5,80,93.8,76.4,1782000,1829824
2026-04-13,CS-VOICE,19921,19627,360,361,93,91,30,31.5,80,81.1,87.7,1674000,1638000
2026-04-20,CS-VOICE,18130,18695,360,359,85,82,30,31.2,80,71.6,91.8,1530000,1486800
2026-04-27,CS-VOICE,18787,18939,360,367,88,87,30,30.7,80,76.7,88.9,1584000,1566000
2026-05-04,CS-VOICE,18994,18959,360,362,89,86,30,30.3,80,75.4,88.4,1602000,1560945
2026-05-11,CS-VOICE,19653,18974,360,365,92,88,30,32.7,80,71,90.2,1656000,1632257
2026-05-18,CS-VOICE,20390,19395,360,360,95,96,30,28.5,80,90,78.5,1710000,1728000
2026-05-25,CS-VOICE,19790,18885,360,361,92,90,30,35.4,80,75.1,90.5,1656000,1620000
2026-06-01,CS-VOICE,22588,19807,360,364,105,106,30,30.1,80,96.6,75.1,1890000,1937543
2026-06-08,CS-VOICE,20528,18801,360,363,96,100,30,32.2,80,95.6,77.6,1728000,1819541
2026-06-15,CS-VOICE,19105,19635,360,364,89,89,30,26.2,80,78.3,84,1602000,1625320
2026-06-22,CS-VOICE,19781,19371,360,361,92,88,30,36.6,80,67.3,96.7,1656000,1612767
2026-06-29,CS-VOICE,19453,19630,360,358,91,91,30,31,80,78.9,86.4,1638000,1707745
2026-07-06,CS-VOICE,21684,20847,360,368,101,105,30,32.7,80,83.7,83.8,1818000,1920208
2026-07-13,CS-VOICE,24919,23885,360,369,116,114,30,31.1,80,77.3,86.5,2088000,2161127
2026-07-20,CS-VOICE,20106,21026,360,358,94,90,30,30.8,80,72.3,93.2,1692000,1633566
2026-07-27,CS-VOICE,18927,19569,360,365,88,81,30,37,80,52.9,98,1584000,1472507
2026-08-03,CS-VOICE,21099,19681,360,356,99,93,30,32.8,80,80.1,86.6,1782000,1741744
2026-08-10,CS-VOICE,19847,19819,360,363,93,88,30,31.2,80,70.7,91.7,1674000,1644839
2026-08-17,CS-VOICE,19032,19297,360,353,89,88,30,28.1,80,79.1,83.1,1602000,1608881
2026-08-24,CS-VOICE,20333,20095,360,359,95,94,30,30.7,80,75.5,85.5,1710000,1738429
2026-08-31,CS-VOICE,19794,20437,360,358,92,86,30,32.9,80,59.9,97.8,1656000,1595294
2026-09-07,CS-VOICE,18703,20593,360,356,87,88,30,29.8,80,69.3,91.5,1566000,1593758
2026-09-14,CS-VOICE,18619,20198,360,368,87,88,30,25.1,80,80.1,87.1,1566000,1645294
2026-09-21,CS-VOICE,20740,19989,360,359,97,101,30,28.8,80,93,77,1746000,1844814
2026-03-30,CS-CHAT,8252,8398,540,545,57,59,28,28.8,80,79.9,82.2,957600,1010751
2026-04-06,CS-CHAT,9002,8305,540,542,62,65,28,28.5,80,93.3,73.1,1041600,1101565
2026-04-13,CS-CHAT,8463,8517,540,551,58,57,28,29,80,75.2,87.5,974400,988869
2026-04-20,CS-CHAT,8303,8497,540,541,57,58,28,29.5,80,76.6,84.9,957600,1024058
2026-04-27,CS-CHAT,7984,8373,540,535,55,54,28,34.1,80,68.6,95,924000,907200
2026-05-04,CS-CHAT,8088,8628,540,538,56,53,28,28.3,80,64.2,92.2,940800,909422
2026-05-11,CS-CHAT,9155,8625,540,532,63,60,28,29.6,80,81.2,82,1058400,1048529
2026-05-18,CS-CHAT,8606,8511,540,543,59,61,28,28.7,80,78.4,80.2,991200,1024800
2026-05-25,CS-CHAT,9332,8580,540,539,64,66,28,30.3,80,91.4,75.8,1075200,1132867
2026-06-01,CS-CHAT,9204,8867,540,538,64,65,28,28.2,80,88.9,77.1,1075200,1092000
2026-06-08,CS-CHAT,8877,8901,540,535,61,60,28,31.3,80,76.6,87.2,1024800,1052884
2026-06-15,CS-CHAT,8609,8466,540,543,59,58,28,30.2,80,75.8,85.8,991200,1018991
2026-06-22,CS-CHAT,9366,8912,540,540,65,63,28,25,80,89.3,76.9,1092000,1117073
2026-06-29,CS-CHAT,9205,8699,540,540,64,62,28,29.4,80,77,81,1075200,1081910
2026-07-06,CS-CHAT,9373,9054,540,535,65,64,28,30.2,80,82.6,81.8,1092000,1120062
2026-07-13,CS-CHAT,9852,10879,540,552,68,65,28,29.8,80,62.7,98,1142400,1124881
2026-07-20,CS-CHAT,9650,9244,540,531,67,69,28,27.1,80,92.9,73.6,1125600,1196223
2026-07-27,CS-CHAT,8402,8719,540,553,58,56,28,25.2,80,76,86.9,974400,940800
2026-08-03,CS-CHAT,8915,8853,540,539,62,66,28,27.7,80,90,75.5,1041600,1123703
2026-08-10,CS-CHAT,9043,8833,540,544,62,64,28,28.7,80,89.4,79.5,1041600,1079274
2026-08-17,CS-CHAT,8767,9093,540,533,61,62,28,32.2,80,70.4,87,1024800,1064697
2026-08-24,CS-CHAT,9215,9178,540,542,64,65,28,26.3,80,86.2,78.4,1075200,1120237
2026-08-31,CS-CHAT,8526,8665,540,545,59,57,28,31.7,80,64,91.6,991200,995853
2026-09-07,CS-CHAT,9885,9229,540,547,68,67,28,29.9,80,84.7,81.2,1142400,1150492
2026-09-14,CS-CHAT,10358,8967,540,538,72,70,28,26.1,80,97.9,70.4,1209600,1217397
2026-09-21,CS-CHAT,9132,8959,540,529,63,62,28,25.9,80,83.6,77.9,1058400,1060260
2026-03-30,PARTNER-EMAIL,5710,5471,480,476,34,33,30,30.6,90,94.9,87.7,652800,655887
2026-04-06,PARTNER-EMAIL,6095,5658,480,478,36,35,30,28.9,90,99,83.8,691200,681627
2026-04-13,PARTNER-EMAIL,6307,5852,480,488,37,36,30,34.1,90,84.6,92.8,710400,699103
2026-04-20,PARTNER-EMAIL,5782,5691,480,475,34,33,30,28.3,90,90.9,88.2,652800,652123
2026-04-27,PARTNER-EMAIL,5865,5734,480,479,34,33,30,24.4,90,94.4,85,652800,661337
2026-05-04,PARTNER-EMAIL,5261,5667,480,479,31,30,30,30.6,90,76.9,98,595200,579167
2026-05-11,PARTNER-EMAIL,5794,5608,480,482,34,33,30,32.3,90,83.7,93.4,652800,650516
2026-05-18,PARTNER-EMAIL,5868,5955,480,490,34,34,30,33,90,80.7,98,652800,692389
2026-05-25,PARTNER-EMAIL,6119,5708,480,479,36,34,30,33.1,90,87.4,92.8,691200,692276
2026-06-01,PARTNER-EMAIL,6516,5897,480,484,38,37,30,34.8,90,86.4,91.3,729600,732715
2026-06-08,PARTNER-EMAIL,5785,5599,480,474,34,34,30,31.2,90,97.8,87.5,652800,658444
2026-06-15,PARTNER-EMAIL,6100,5639,480,479,36,36,30,28.1,90,99,80.5,691200,691200
2026-06-22,PARTNER-EMAIL,5978,6002,480,481,35,35,30,35,90,79.3,97.9,672000,672000
2026-06-29,PARTNER-EMAIL,5591,5840,480,480,33,34,30,30.5,90,86.8,91.5,633600,652800
2026-07-06,PARTNER-EMAIL,6104,6158,480,483,36,35,30,32.1,90,80.1,96.6,691200,680189
2026-07-13,PARTNER-EMAIL,7101,6966,480,507,42,43,30,31.4,90,89.1,92.4,806400,841059
2026-07-20,PARTNER-EMAIL,6037,6572,480,478,35,34,30,30.9,90,76.8,98,672000,652800
2026-07-27,PARTNER-EMAIL,5729,5944,480,480,34,35,30,31.3,90,91,91.6,652800,713839
2026-08-03,PARTNER-EMAIL,6141,5914,480,480,36,36,30,32.6,90,93.7,90.2,691200,708310
2026-08-10,PARTNER-EMAIL,5669,5714,480,476,33,32,30,30.8,90,89,94.7,633600,614400
2026-08-17,PARTNER-EMAIL,6391,5964,480,481,38,40,30,29.2,90,99,78.1,729600,804779
2026-08-24,PARTNER-EMAIL,5634,5836,480,472,33,33,30,30.6,90,92.1,92.9,633600,651404
2026-08-31,PARTNER-EMAIL,5471,5951,480,477,32,34,30,31.7,90,85.7,94.3,614400,661023
2026-09-07,PARTNER-EMAIL,6175,5848,480,473,36,34,30,28,90,86.7,87.2,691200,652800
2026-09-14,PARTNER-EMAIL,5845,6016,480,475,34,35,30,32.4,90,86.4,93.2,652800,692220
2026-09-21,PARTNER-EMAIL,5803,6054,480,473,34,32,30,30.8,90,82.5,98,652800,614400
2026-03-30,RETURNS-OPS,13733,14751,300,300,54,52,32,32.2,95,77.7,98,851446,914562
2026-04-06,RETURNS-OPS,14424,14211,300,297,57,57,32,35.9,95,87.2,91.1,894288,881082
2026-04-13,RETURNS-OPS,12694,14072,300,299,50,51,32,32,95,89.5,95.8,787028,872464
2026-04-20,RETURNS-OPS,13533,14406,300,300,54,55,32,32.5,95,87.3,91.9,839046,893172
2026-04-27,RETURNS-OPS,13723,14162,300,302,54,52,32,37,95,75.9,98,850826,878044
2026-05-04,RETURNS-OPS,13568,14748,300,300,54,56,32,32.1,95,89.9,91.8,841216,914376
2026-05-11,RETURNS-OPS,15360,14336,300,296,61,59,32,35.1,95,94.8,87.5,952320,888832
2026-05-18,RETURNS-OPS,16073,14268,300,296,64,67,32,35.8,95,99,77.5,996526,884616
2026-05-25,RETURNS-OPS,15414,14720,300,301,61,60,32,34.8,95,88.6,89.4,955668,912640
2026-06-01,RETURNS-OPS,13587,14542,300,306,54,54,32,30.9,95,89.1,94.1,842394,901604
2026-06-08,RETURNS-OPS,15243,14091,300,303,60,59,32,35.9,95,92.3,89,945066,873642
2026-06-15,RETURNS-OPS,16162,14651,300,293,64,61,32,31.1,95,99,80.6,1002044,908362
2026-06-22,RETURNS-OPS,15574,14879,300,295,62,63,32,36.1,95,97.9,86.1,965588,922498
2026-06-29,RETURNS-OPS,14873,14372,300,290,59,59,32,32.7,95,98.4,82.8,922126,891064
2026-07-06,RETURNS-OPS,15984,15332,300,297,63,61,32,33.8,95,91.9,89,991008,950584
2026-07-13,RETURNS-OPS,19145,18367,300,310,76,76,32,29.9,95,99,84.3,1186990,1138754
2026-07-20,RETURNS-OPS,15188,15988,300,296,60,61,32,30.6,95,96,88.2,941656,991256
2026-07-27,RETURNS-OPS,14729,14613,300,299,58,57,32,33.1,95,91.4,90.4,913198,906006
2026-08-03,RETURNS-OPS,16580,15025,300,303,66,65,32,31.9,95,99,81.1,1027960,931550
2026-08-10,RETURNS-OPS,14604,14010,300,296,58,55,32,30.4,95,96.1,85.5,905448,868620
2026-08-17,RETURNS-OPS,14028,14802,300,298,55,54,32,33.4,95,86.9,96.8,869736,917724
2026-08-24,RETURNS-OPS,13540,14183,300,298,54,52,32,32,95,84.7,94.4,839480,879346
2026-08-31,RETURNS-OPS,13909,14592,300,303,55,58,32,33.2,95,96.1,90,862358,904704
2026-09-07,RETURNS-OPS,15543,14412,300,296,61,62,32,33.7,95,99,81.8,963666,893544
2026-09-14,RETURNS-OPS,14266,14730,300,297,56,57,32,33.9,95,84.7,91.7,884492,913260
2026-09-21,RETURNS-OPS,14851,15136,300,300,59,59,32,35.5,95,82.9,94.2,920762,938432
