week_start,line_id,line_name,forecast_volume,aht_sec,required_fte,effective_fte,total_hc,in_training,gap_fte,hires,temp_hires,temp_hc,ot_hours,uncovered_fte,variable_cost
2026-09-28,CS-VOICE,Customer Support · Voice,19190,360,89.6,94.2,156.7,62.5,4.6,13,50,49.6,0,0,4395713
2026-10-05,CS-VOICE,Customer Support · Voice,19689,360,91.9,93.5,157.4,64,1.5,0,2,51.2,0,0,2883323
2026-10-12,CS-VOICE,Customer Support · Voice,19320,360,90.2,92.7,156.1,63.4,2.5,0,0,50.7,0,0,2810124
2026-10-19,CS-VOICE,Customer Support · Voice,19950,360,93.1,122.4,154.8,2,29.3,0,0,50.3,0,0,2787115
2026-10-26,CS-VOICE,Customer Support · Voice,20674,360,96.5,129.9,176.4,22.8,33.4,0,23,72.7,0,0,3749904
2026-11-02,CS-VOICE,Customer Support · Voice,22650,360,105.7,136.6,174.9,22.6,30.9,0,0,72.1,0,0,3148908
2026-11-09,CS-VOICE,Customer Support · Voice,25629,360,119.6,143.2,173.5,22.4,23.5,0,0,71.5,0,0,3123125
2026-11-16,CS-VOICE,Customer Support · Voice,30938,360,144.4,160.7,173.1,1,16.3,1,0,71,0,0,3140406
2026-11-23,CS-VOICE,Customer Support · Voice,31200,360,145.7,162.4,172.7,2,16.7,1,0,70.4,0,0,3132749
2026-11-30,CS-VOICE,Customer Support · Voice,30332,360,141.6,163.8,172.2,3,22.2,1,0,69.8,0,0,3125156
2026-12-07,CS-VOICE,Customer Support · Voice,25181,360,117.6,165.7,170.8,2,48.1,0,0,69.2,0,0,3074772
2026-12-14,CS-VOICE,Customer Support · Voice,25609,360,119.6,122.3,126.1,3,2.7,2,0,23.4,0,0,2319855
2026-12-21,CS-VOICE,Customer Support · Voice,23733,360,110.8,120.2,123.3,2,9.4,0,0,21.4,0,0,2218652
2026-12-28,CS-VOICE,Customer Support · Voice,21479,360,100.3,119.6,124.2,3.9,19.3,2,0,21.2,0,0,2286191
2027-01-04,CS-VOICE,Customer Support · Voice,20237,360,94.5,119.9,123.2,2,25.4,0,0,21,0,0,2217881
2027-01-11,CS-VOICE,Customer Support · Voice,20343,360,95,98.6,104.3,4.9,3.6,3,0,0,0,0,1953174
2027-01-18,CS-VOICE,Customer Support · Voice,20483,360,95.6,99.1,103.5,3,3.5,0,0,0,0,0,1862796
2027-01-25,CS-VOICE,Customer Support · Voice,20367,360,95.1,98.8,103.6,3.9,3.7,1,0,0,0,0,1890396
2027-02-01,CS-VOICE,Customer Support · Voice,20626,360,96.3,99.9,103.8,2,3.6,1,0,0,0,0,1892975
2027-02-08,CS-VOICE,Customer Support · Voice,20361,360,95.1,99.7,102.9,2,4.6,0,0,0,0,0,1852680
2027-02-15,CS-VOICE,Customer Support · Voice,20320,360,94.9,99.9,102.1,1,5,0,0,0,0,0,1837510
2027-02-22,CS-VOICE,Customer Support · Voice,20244,360,94.5,100.1,101.2,0,5.5,0,0,0,0,0,1822465
2027-03-01,CS-VOICE,Customer Support · Voice,20667,360,96.5,99.8,100.4,0,3.3,0,0,0,0,0,1807543
2027-03-08,CS-VOICE,Customer Support · Voice,20893,360,97.5,99.2,99.6,0,1.7,0,0,0,0,0,1792742
2027-03-15,CS-VOICE,Customer Support · Voice,20540,360,95.9,98.7,98.8,0,2.8,0,0,0,0,0,1778064
2027-03-22,CS-VOICE,Customer Support · Voice,20537,360,95.9,98,98,0,2.1,0,0,0,0,0,1763505
2026-09-28,CS-CHAT,Customer Support · Chat,8695,540,60,59.6,104.3,44.7,-0.5,15,30,29.8,12,0,2884156
2026-10-05,CS-CHAT,Customer Support · Chat,8767,540,60.5,59.2,107.5,48.3,-1.4,0,4,33.6,36,0,1928880
2026-10-12,CS-CHAT,Customer Support · Chat,8782,540,60.6,58.7,106.8,48,-1.9,0,0,33.3,50,0,1824875
2026-10-19,CS-CHAT,Customer Support · Chat,8983,540,62,80.2,106,3.9,18.2,0,0,33.1,0,0,1780892
2026-10-26,CS-CHAT,Customer Support · Chat,9531,540,65.8,87,115.2,9.9,21.2,0,10,42.8,0,0,2185241
2026-11-02,CS-CHAT,Customer Support · Chat,10124,540,69.9,92.3,114.4,9.9,22.4,0,0,42.5,0,0,1921686
2026-11-09,CS-CHAT,Customer Support · Chat,11301,540,78,97.5,113.6,9.8,19.5,0,0,42.2,0,0,1908225
2026-11-16,CS-CHAT,Customer Support · Chat,14067,540,97.1,107.5,112.8,0,10.3,0,0,41.9,0,0,1894859
2026-11-23,CS-CHAT,Customer Support · Chat,14450,540,99.8,108.4,112,0,8.6,0,0,41.6,0,0,1881587
2026-11-30,CS-CHAT,Customer Support · Chat,13515,540,93.3,108.8,115.2,4,15.5,0,4,45.3,0,0,2035137
2026-12-07,CS-CHAT,Customer Support · Chat,11574,540,79.9,109.2,114.4,3.9,29.3,0,0,45,0,0,1921582
2026-12-14,CS-CHAT,Customer Support · Chat,11570,540,79.9,82.1,86,3.9,2.2,0,0,17.1,0,0,1444891
2026-12-21,CS-CHAT,Customer Support · Chat,10455,540,72.2,79.8,83.7,2,7.6,0,2,15.3,0,0,1456371
2026-12-28,CS-CHAT,Customer Support · Chat,9483,540,65.5,79.7,83.1,2,14.2,0,0,15.2,0,0,1396520
2027-01-04,CS-CHAT,Customer Support · Chat,8913,540,61.5,79.6,82.5,2,18.1,0,0,15,0,0,1386738
2027-01-11,CS-CHAT,Customer Support · Chat,9538,540,65.8,71.3,73.8,1,5.5,1,0,5.8,0,0,1264297
2027-01-18,CS-CHAT,Customer Support · Chat,9933,540,68.6,71.5,73.3,1,3,0,0,5.7,0,0,1230616
2027-01-25,CS-CHAT,Customer Support · Chat,9807,540,67.7,71.3,75.7,4,3.6,3,0,5.7,0,0,1347043
2027-02-01,CS-CHAT,Customer Support · Chat,9766,540,67.4,71.5,75.2,3,4.1,0,0,5.6,0,0,1263133
2027-02-08,CS-CHAT,Customer Support · Chat,10016,540,69.1,71.4,74.7,2.9,2.2,0,0,5.6,0,0,1254286
2027-02-15,CS-CHAT,Customer Support · Chat,9036,540,62.4,68.8,70.5,0,6.4,0,0,1.9,0,0,1183736
2027-02-22,CS-CHAT,Customer Support · Chat,9285,540,64.1,68.8,70,0,4.7,0,0,1.9,0,0,1175445
2027-03-01,CS-CHAT,Customer Support · Chat,9223,540,63.7,68.8,69.5,0,5.1,0,0,1.9,0,0,1167212
2027-03-08,CS-CHAT,Customer Support · Chat,9178,540,63.4,66.8,67.2,0,3.4,0,0,0,0,0,1128154
2027-03-15,CS-CHAT,Customer Support · Chat,9403,540,64.9,66.7,66.7,0,1.8,0,0,0,0,0,1120252
2027-03-22,CS-CHAT,Customer Support · Chat,9425,540,65.1,66.2,66.2,0,1.1,0,0,0,0,0,1112405
2026-09-28,PARTNER-EMAIL,Partner Support · Email,5980,480,35.2,35.8,57.7,21.9,0.6,4,18,17.9,0,0,1657113
2026-10-05,PARTNER-EMAIL,Partner Support · Email,5868,480,34.5,35.6,60.3,24.7,1.1,0,3,20.8,0,0,1232928
2026-10-12,PARTNER-EMAIL,Partner Support · Email,5763,480,33.9,35.4,60,24.6,1.5,0,0,20.7,0,0,1151182
2026-10-19,PARTNER-EMAIL,Partner Support · Email,6023,480,35.4,45.9,59.6,2.9,10.5,0,0,20.5,0,0,1144476
2026-10-26,PARTNER-EMAIL,Partner Support · Email,6322,480,37.2,49.8,65.2,6,12.6,0,6,26.4,0,0,1402338
2026-11-02,PARTNER-EMAIL,Partner Support · Email,6741,480,39.6,52.5,64.8,5.9,12.9,0,0,26.2,0,0,1245042
2026-11-09,PARTNER-EMAIL,Partner Support · Email,7557,480,44.4,55.2,64.5,5.9,10.8,0,0,26.1,0,0,1237789
2026-11-16,PARTNER-EMAIL,Partner Support · Email,9167,480,53.9,60.8,64.1,0,6.9,0,0,25.9,0,0,1230578
2026-11-23,PARTNER-EMAIL,Partner Support · Email,9602,480,56.4,61.5,63.7,0,5.1,0,0,25.8,0,0,1223409
2026-11-30,PARTNER-EMAIL,Partner Support · Email,9156,480,53.8,61.9,63.3,0,8.1,0,0,25.6,0,0,1216282
2026-12-07,PARTNER-EMAIL,Partner Support · Email,7683,480,45.2,62.3,63,0,17.1,0,0,25.5,0,0,1209197
2026-12-14,PARTNER-EMAIL,Partner Support · Email,7609,480,44.7,45.8,45.8,0,1.1,0,0,8.5,0,0,879953
2026-12-21,PARTNER-EMAIL,Partner Support · Email,7106,480,41.8,42.8,42.8,0,1,0,0,5.7,0,0,821127
2026-12-28,PARTNER-EMAIL,Partner Support · Email,6222,480,36.6,42.5,44.5,2,5.9,2,0,5.7,0,0,904520
2027-01-04,PARTNER-EMAIL,Partner Support · Email,6065,480,35.7,42.3,44.2,2,6.6,0,0,5.6,0,0,849542
2027-01-11,PARTNER-EMAIL,Partner Support · Email,6092,480,35.8,36.4,38.4,2,0.6,0,0,0,0,0,737193
2027-01-18,PARTNER-EMAIL,Partner Support · Email,6065,480,35.7,37.2,38.2,0,1.5,0,0,0,0,0,732898
2027-01-25,PARTNER-EMAIL,Partner Support · Email,6008,480,35.3,37.2,38.9,1,1.9,1,0,0,0,0,772717
2027-02-01,PARTNER-EMAIL,Partner Support · Email,6251,480,36.7,37.2,38.7,1,0.5,0,0,0,0,0,743361
2027-02-08,PARTNER-EMAIL,Partner Support · Email,6010,480,35.3,37.3,38.5,1,1.9,0,0,0,0,0,739031
2027-02-15,PARTNER-EMAIL,Partner Support · Email,6193,480,36.4,37.8,38.3,0,1.4,0,0,0,0,0,734725
2027-02-22,PARTNER-EMAIL,Partner Support · Email,6129,480,36,37.7,38,0,1.6,0,0,0,0,0,730445
2027-03-01,PARTNER-EMAIL,Partner Support · Email,6090,480,35.8,37.6,37.8,0,1.8,0,0,0,0,0,726190
2027-03-08,PARTNER-EMAIL,Partner Support · Email,6137,480,36.1,37.5,37.6,0,1.4,0,0,0,0,0,721959
2027-03-15,PARTNER-EMAIL,Partner Support · Email,6214,480,36.5,37.4,37.4,0,0.9,0,0,0,0,0,717754
2027-03-22,PARTNER-EMAIL,Partner Support · Email,6169,480,36.3,37.2,37.2,0,0.9,0,0,0,0,0,713572
2026-09-28,RETURNS-OPS,Returns & Claims Ops,14351,300,56.8,57.3,102.8,45.5,0.5,28,18,17.8,0,0,889762
2026-10-05,RETURNS-OPS,Returns & Claims Ops,14255,300,56.4,56.6,105.5,48.9,0.2,0,4,21.5,0,0,883810
2026-10-12,RETURNS-OPS,Returns & Claims Ops,14643,300,57.9,56,104.3,48.3,-2,0,0,21.3,47,0,907866
2026-10-19,RETURNS-OPS,Returns & Claims Ops,14456,300,57.2,77.3,103.1,3.9,20.1,0,0,21,0,0,896272
2026-10-26,RETURNS-OPS,Returns & Claims Ops,15259,300,60.4,83.7,101.8,0,23.3,0,0,20.8,0,0,946058
2026-11-02,RETURNS-OPS,Returns & Claims Ops,16966,300,67.1,88.5,103.6,3,21.4,0,3,23.5,0,0,1051892
2026-11-09,RETURNS-OPS,Returns & Claims Ops,18651,300,73.8,93.2,102.4,2.9,19.4,0,0,23.2,0,0,1156362
2026-11-16,RETURNS-OPS,Returns & Claims Ops,23293,300,92.2,97.8,108.1,9.8,5.7,0,7,29.9,0,0,1444166
2026-11-23,RETURNS-OPS,Returns & Claims Ops,23992,300,94.9,98.6,109.8,9.8,3.6,0,3,32.5,0,0,1487504
2026-11-30,RETURNS-OPS,Returns & Claims Ops,22423,300,88.7,97.8,108.5,9.7,9,0,0,32.1,0,0,1390226
2026-12-07,RETURNS-OPS,Returns & Claims Ops,18886,300,74.7,100.3,107.2,2.9,25.6,0,0,31.7,0,0,1170932
2026-12-14,RETURNS-OPS,Returns & Claims Ops,19005,300,75.2,86.1,90.3,0,10.9,0,0,15.7,0,0,1178310
2026-12-21,RETURNS-OPS,Returns & Claims Ops,18735,300,74.1,83.1,85.8,0,9,0,0,12.1,0,0,1161570
2026-12-28,RETURNS-OPS,Returns & Claims Ops,18744,300,74.2,83.3,84.8,0,9.1,0,0,11.9,0,0,1162128
2027-01-04,RETURNS-OPS,Returns & Claims Ops,20069,300,79.4,83.5,83.8,0,4.1,0,0,11.8,0,0,1244278
2027-01-11,RETURNS-OPS,Returns & Claims Ops,20494,300,81.1,82.8,82.8,0,1.7,0,0,11.7,0,0,1270628
2027-01-18,RETURNS-OPS,Returns & Claims Ops,18533,300,73.3,79.2,79.2,0,5.9,0,0,8.9,0,0,1149046
2027-01-25,RETURNS-OPS,Returns & Claims Ops,16351,300,64.7,78.3,78.3,0,13.6,0,0,8.8,0,0,1013762
2027-02-01,RETURNS-OPS,Returns & Claims Ops,15201,300,60.1,71.3,71.3,0,11.2,0,0,2.6,0,0,942462
2027-02-08,RETURNS-OPS,Returns & Claims Ops,15266,300,60.4,67.9,67.9,0,7.5,0,0,0,0,0,946492
2027-02-15,RETURNS-OPS,Returns & Claims Ops,14722,300,58.2,67.1,67.1,0,8.8,0,0,0,0,0,912764
2027-02-22,RETURNS-OPS,Returns & Claims Ops,14917,300,59,66.3,66.3,0,7.3,0,0,0,0,0,924854
2027-03-01,RETURNS-OPS,Returns & Claims Ops,15328,300,60.6,65.5,65.5,0,4.9,0,0,0,0,0,950336
2027-03-08,RETURNS-OPS,Returns & Claims Ops,15208,300,60.2,64.7,64.7,0,4.6,0,0,0,0,0,942896
2027-03-15,RETURNS-OPS,Returns & Claims Ops,15122,300,59.8,64,64,0,4.1,0,0,0,0,0,937564
2027-03-22,RETURNS-OPS,Returns & Claims Ops,15198,300,60.1,63.2,63.2,0,3.1,0,0,0,0,0,942276
