id,date,amount,units,status,region,category,fulfillment_center
ORD-10153,2025-09-28,2129,4,Returned,West,Beauty,FC-7
ORD-10074,2025-09-30,9985,3,Pending,West,Electronics,FC-3
ORD-10090,2025-10-02,3607,5,Returned,South,Home,FC-5
ORD-10185,2025-10-02,484,1,Delivered,North,Apparel,FC-2
ORD-10213,2025-10-02,398,3,Returned,West,Grocery,FC-2
ORD-10357,2025-10-02,2846,1,Delivered,West,Electronics,FC-8
ORD-10272,2025-10-04,2457,3,Delivered,North,Apparel,FC-1
ORD-10073,2025-10-05,1608,5,Cancelled,North,Grocery,FC-1
ORD-10363,2025-10-05,658,2,Cancelled,North,Grocery,FC-3
ORD-10101,2025-10-06,2787,4,Returned,West,Apparel,FC-1
ORD-10112,2025-10-06,903,5,Pending,East,Grocery,FC-7
ORD-10152,2025-10-06,2387,4,Delivered,East,Home,FC-6
ORD-10377,2025-10-06,2175,2,Shipped,South,Home,FC-7
ORD-10077,2025-10-07,3290,4,Delivered,East,Apparel,FC-8
ORD-10192,2025-10-07,767,3,Delivered,North,Beauty,FC-7
ORD-10299,2025-10-09,576,1,Cancelled,East,Beauty,FC-7
ORD-10038,2025-10-10,2107,4,Shipped,West,Beauty,FC-5
ORD-10245,2025-10-10,283,2,Delivered,West,Grocery,FC-6
ORD-10111,2025-10-11,570,2,Delivered,East,Beauty,FC-7
ORD-10270,2025-10-11,970,4,Delivered,West,Grocery,FC-7
ORD-10060,2025-10-13,835,2,Delivered,East,Apparel,FC-7
ORD-10071,2025-10-17,401,3,Returned,North,Grocery,FC-5
ORD-10160,2025-10-17,311,1,Shipped,West,Beauty,FC-4
ORD-10008,2025-10-18,2352,5,Delivered,North,Apparel,FC-3
ORD-10087,2025-10-18,1764,3,Pending,West,Apparel,FC-8
ORD-10030,2025-10-20,1088,2,Delivered,South,Beauty,FC-1
ORD-10042,2025-10-21,1595,3,Delivered,South,Beauty,FC-7
ORD-10243,2025-10-21,588,2,Delivered,West,Grocery,FC-6
ORD-10069,2025-10-23,5084,4,Shipped,North,Home,FC-5
ORD-10280,2025-10-23,362,2,Returned,South,Grocery,FC-8
ORD-10303,2025-10-23,1076,4,Pending,North,Grocery,FC-6
ORD-10182,2025-10-24,1373,4,Delivered,North,Beauty,FC-1
ORD-10124,2025-10-26,4599,5,Delivered,South,Apparel,FC-7
ORD-10224,2025-10-27,286,2,Shipped,East,Grocery,FC-4
ORD-10011,2025-10-28,1761,3,Shipped,South,Apparel,FC-6
ORD-10169,2025-10-28,12886,4,Shipped,East,Electronics,FC-3
ORD-10335,2025-10-29,824,1,Delivered,South,Apparel,FC-7
ORD-10261,2025-11-01,652,2,Delivered,South,Grocery,FC-2
ORD-10316,2025-11-01,1367,5,Delivered,East,Beauty,FC-8
ORD-10240,2025-11-02,3480,4,Pending,East,Apparel,FC-4
ORD-10287,2025-11-02,1024,2,Delivered,East,Apparel,FC-2
ORD-10163,2025-11-03,2429,3,Shipped,North,Home,FC-3
ORD-10346,2025-11-04,647,2,Cancelled,South,Beauty,FC-3
ORD-10366,2025-11-04,1540,2,Delivered,East,Apparel,FC-2
ORD-10136,2025-11-06,1501,2,Pending,South,Apparel,FC-8
ORD-10343,2025-11-06,2275,2,Delivered,West,Home,FC-3
ORD-10093,2025-11-07,3248,5,Pending,South,Apparel,FC-5
ORD-10301,2025-11-07,1327,5,Shipped,North,Beauty,FC-7
ORD-10098,2025-11-09,1121,5,Delivered,East,Grocery,FC-5
ORD-10045,2025-11-10,1403,2,Cancelled,East,Apparel,FC-7
ORD-10246,2025-11-11,607,2,Returned,East,Grocery,FC-2
ORD-10109,2025-11-12,9571,5,Returned,South,Electronics,FC-4
ORD-10376,2025-11-12,5179,4,Shipped,East,Home,FC-7
ORD-10162,2025-11-13,568,1,Delivered,North,Home,FC-8
ORD-10132,2025-11-14,698,3,Shipped,West,Grocery,FC-3
ORD-10386,2025-11-15,762,1,Cancelled,South,Home,FC-7
ORD-10322,2025-11-16,822,2,Delivered,West,Apparel,FC-6
ORD-10339,2025-11-17,795,5,Delivered,East,Grocery,FC-5
ORD-10029,2025-11-20,1303,2,Returned,East,Apparel,FC-3
ORD-10062,2025-11-20,3589,1,Delivered,South,Electronics,FC-5
ORD-10284,2025-11-24,4079,5,Cancelled,North,Apparel,FC-3
ORD-10075,2025-11-25,3868,5,Delivered,North,Apparel,FC-3
ORD-10139,2025-11-25,3724,3,Shipped,South,Home,FC-5
ORD-10365,2025-11-25,2157,5,Delivered,East,Beauty,FC-6
ORD-10263,2025-11-26,537,1,Returned,South,Beauty,FC-5
ORD-10341,2025-11-27,614,1,Delivered,South,Apparel,FC-5
ORD-10161,2025-11-28,2771,1,Shipped,North,Electronics,FC-6
ORD-10381,2025-11-29,2941,4,Returned,West,Home,FC-4
ORD-10148,2025-11-30,807,3,Delivered,North,Beauty,FC-7
ORD-10037,2025-12-02,3872,2,Pending,East,Electronics,FC-1
ORD-10138,2025-12-03,14961,5,Cancelled,North,Electronics,FC-1
ORD-10358,2025-12-03,2843,1,Cancelled,West,Electronics,FC-1
ORD-10388,2025-12-03,1441,5,Delivered,North,Beauty,FC-5
ORD-10228,2025-12-04,1107,2,Shipped,North,Beauty,FC-2
ORD-10295,2025-12-04,478,1,Delivered,North,Apparel,FC-4
ORD-10394,2025-12-05,2508,4,Pending,South,Apparel,FC-4
ORD-10352,2025-12-06,2574,1,Cancelled,North,Electronics,FC-6
ORD-10353,2025-12-08,10677,3,Delivered,South,Electronics,FC-2
ORD-10158,2025-12-09,1098,4,Delivered,South,Grocery,FC-4
ORD-10128,2025-12-10,10508,4,Shipped,South,Electronics,FC-6
ORD-10137,2025-12-11,1698,4,Returned,South,Beauty,FC-8
ORD-10331,2025-12-11,142,1,Pending,West,Grocery,FC-8
ORD-10115,2025-12-12,9645,5,Shipped,South,Electronics,FC-1
ORD-10302,2025-12-12,3905,5,Shipped,South,Home,FC-6
ORD-10319,2025-12-12,3135,4,Delivered,West,Apparel,FC-7
ORD-10313,2025-12-13,16797,5,Shipped,North,Electronics,FC-1
ORD-10225,2025-12-14,11905,5,Delivered,West,Electronics,FC-8
ORD-10195,2025-12-15,654,1,Delivered,West,Apparel,FC-8
ORD-10247,2025-12-15,7904,3,Delivered,East,Electronics,FC-3
ORD-10172,2025-12-16,9660,3,Pending,South,Electronics,FC-1
ORD-10123,2025-12-17,8552,3,Shipped,North,Electronics,FC-8
ORD-10278,2025-12-17,2984,4,Delivered,South,Apparel,FC-3
ORD-10047,2025-12-20,1228,4,Cancelled,West,Beauty,FC-5
ORD-10183,2025-12-20,1607,1,Delivered,South,Electronics,FC-4
ORD-10174,2025-12-21,2617,3,Shipped,South,Apparel,FC-2
ORD-10393,2025-12-22,3037,4,Shipped,South,Apparel,FC-3
ORD-10204,2025-12-24,4268,2,Delivered,South,Electronics,FC-8
ORD-10216,2025-12-25,944,3,Delivered,West,Grocery,FC-8
ORD-10143,2025-12-26,7306,3,Shipped,South,Electronics,FC-4
ORD-10099,2025-12-27,619,3,Delivered,West,Grocery,FC-5
ORD-10242,2025-12-27,1256,3,Delivered,South,Beauty,FC-3
ORD-10107,2025-12-28,2261,3,Delivered,West,Home,FC-4
ORD-10239,2025-12-28,1668,3,Delivered,North,Beauty,FC-5
ORD-10349,2025-12-28,12708,5,Delivered,West,Electronics,FC-7
ORD-10389,2025-12-29,6233,5,Delivered,East,Home,FC-1
ORD-10157,2025-12-30,1356,2,Shipped,West,Home,FC-6
ORD-10155,2026-01-01,2877,4,Cancelled,South,Home,FC-1
ORD-10194,2026-01-04,290,1,Shipped,East,Grocery,FC-8
ORD-10186,2026-01-05,631,2,Shipped,West,Beauty,FC-1
ORD-10290,2026-01-05,11330,5,Cancelled,North,Electronics,FC-1
ORD-10076,2026-01-06,1957,1,Shipped,South,Electronics,FC-6
ORD-10217,2026-01-06,6305,5,Shipped,East,Home,FC-3
ORD-10234,2026-01-06,3711,5,Cancelled,East,Apparel,FC-8
ORD-10232,2026-01-07,12737,4,Delivered,West,Electronics,FC-1
ORD-10378,2026-01-07,5202,5,Pending,East,Home,FC-5
ORD-10033,2026-01-09,1242,4,Pending,East,Beauty,FC-4
ORD-10329,2026-01-12,571,1,Cancelled,West,Apparel,FC-2
ORD-10010,2026-01-13,9646,3,Delivered,West,Electronics,FC-5
ORD-10015,2026-01-15,2017,3,Pending,South,Home,FC-2
ORD-10051,2026-01-15,5236,5,Returned,West,Home,FC-3
ORD-10096,2026-01-15,7619,4,Delivered,East,Electronics,FC-3
ORD-10190,2026-01-15,1078,1,Returned,South,Home,FC-8
ORD-10305,2026-01-16,370,1,Returned,South,Beauty,FC-1
ORD-10088,2026-01-17,4759,5,Returned,North,Home,FC-2
ORD-10046,2026-01-18,7033,2,Shipped,South,Electronics,FC-6
ORD-10164,2026-01-19,2880,3,Shipped,North,Apparel,FC-8
ORD-10175,2026-01-19,1422,5,Cancelled,East,Grocery,FC-2
ORD-10397,2026-01-19,1212,4,Pending,South,Grocery,FC-5
ORD-10021,2026-01-20,2531,2,Delivered,South,Home,FC-5
ORD-10304,2026-01-20,192,1,Pending,East,Grocery,FC-4
ORD-10131,2026-01-22,1062,1,Cancelled,East,Home,FC-8
ORD-10226,2026-01-22,1564,4,Delivered,South,Beauty,FC-7
ORD-10219,2026-01-23,8882,4,Pending,North,Electronics,FC-1
ORD-10238,2026-01-24,1949,5,Delivered,South,Beauty,FC-3
ORD-10307,2026-01-24,2949,5,Returned,East,Beauty,FC-2
ORD-10318,2026-01-25,957,3,Delivered,South,Grocery,FC-3
ORD-10348,2026-01-25,937,2,Shipped,West,Beauty,FC-6
ORD-10392,2026-01-25,1716,2,Pending,South,Apparel,FC-7
ORD-10189,2026-01-26,17338,5,Shipped,South,Electronics,FC-3
ORD-10360,2026-01-26,8395,5,Delivered,West,Electronics,FC-5
ORD-10066,2026-01-27,15442,5,Pending,West,Electronics,FC-1
ORD-10253,2026-01-27,1950,3,Delivered,North,Home,FC-4
ORD-10094,2026-01-29,907,3,Delivered,East,Beauty,FC-4
ORD-10200,2026-01-29,838,3,Shipped,South,Grocery,FC-1
ORD-10170,2026-01-31,1354,2,Delivered,South,Apparel,FC-4
ORD-10285,2026-02-01,2649,4,Cancelled,South,Apparel,FC-2
ORD-10269,2026-02-03,4356,3,Pending,South,Electronics,FC-4
ORD-10080,2026-02-04,1364,3,Cancelled,South,Beauty,FC-5
ORD-10244,2026-02-04,9110,5,Delivered,North,Electronics,FC-2
ORD-10320,2026-02-05,161,1,Delivered,East,Grocery,FC-2
ORD-10229,2026-02-07,485,2,Delivered,East,Grocery,FC-1
ORD-10082,2026-02-09,528,4,Delivered,North,Grocery,FC-8
ORD-10289,2026-02-09,1514,1,Delivered,North,Electronics,FC-2
ORD-10342,2026-02-09,10892,5,Delivered,North,Electronics,FC-6
ORD-10016,2026-02-10,578,2,Shipped,North,Grocery,FC-7
ORD-10235,2026-02-10,16959,5,Delivered,South,Electronics,FC-8
ORD-10001,2026-02-11,544,3,Returned,East,Grocery,FC-3
ORD-10085,2026-02-11,3647,5,Shipped,East,Apparel,FC-4
ORD-10249,2026-02-11,1338,3,Delivered,North,Apparel,FC-3
ORD-10382,2026-02-12,461,2,Shipped,West,Grocery,FC-1
ORD-10063,2026-02-13,1931,4,Returned,West,Apparel,FC-3
ORD-10147,2026-02-13,2643,3,Returned,North,Apparel,FC-1
ORD-10223,2026-02-13,759,1,Returned,North,Apparel,FC-1
ORD-10049,2026-02-15,767,3,Delivered,North,Beauty,FC-1
ORD-10121,2026-02-17,1881,3,Delivered,South,Apparel,FC-6
ORD-10180,2026-02-17,3553,3,Pending,West,Home,FC-3
ORD-10018,2026-02-19,418,1,Pending,East,Apparel,FC-3
ORD-10059,2026-02-19,1859,2,Shipped,East,Apparel,FC-1
ORD-10177,2026-02-19,429,2,Returned,West,Grocery,FC-6
ORD-10000,2026-02-20,3909,5,Delivered,East,Apparel,FC-3
ORD-10154,2026-02-20,484,2,Delivered,South,Grocery,FC-2
ORD-10332,2026-02-20,6357,2,Delivered,East,Electronics,FC-1
ORD-10330,2026-02-21,448,2,Shipped,East,Grocery,FC-7
ORD-10350,2026-02-21,5845,2,Delivered,East,Electronics,FC-8
ORD-10212,2026-02-22,2501,5,Delivered,East,Apparel,FC-1
ORD-10086,2026-02-24,2968,1,Pending,South,Electronics,FC-8
ORD-10119,2026-02-24,14594,5,Shipped,South,Electronics,FC-7
ORD-10129,2026-02-24,4987,4,Pending,East,Home,FC-4
ORD-10327,2026-02-24,179,1,Cancelled,East,Grocery,FC-6
ORD-10067,2026-02-25,2069,3,Shipped,South,Apparel,FC-5
ORD-10055,2026-02-27,521,2,Delivered,East,Grocery,FC-7
ORD-10188,2026-02-27,646,3,Shipped,North,Grocery,FC-7
ORD-10298,2026-02-27,1211,1,Delivered,East,Home,FC-5
ORD-10024,2026-03-01,2543,3,Pending,West,Home,FC-7
ORD-10315,2026-03-03,539,2,Delivered,West,Grocery,FC-6
ORD-10196,2026-03-04,333,2,Pending,East,Grocery,FC-1
ORD-10267,2026-03-04,2927,4,Shipped,North,Home,FC-2
ORD-10173,2026-03-06,3225,1,Delivered,East,Electronics,FC-4
ORD-10040,2026-03-07,211,1,Delivered,South,Grocery,FC-7
ORD-10291,2026-03-07,2624,5,Cancelled,West,Apparel,FC-2
ORD-10308,2026-03-08,460,3,Cancelled,South,Grocery,FC-4
ORD-10058,2026-03-10,1035,2,Delivered,North,Beauty,FC-6
ORD-10345,2026-03-10,762,4,Cancelled,East,Grocery,FC-8
ORD-10043,2026-03-11,1310,3,Returned,West,Beauty,FC-7
ORD-10013,2026-03-12,1104,1,Delivered,West,Home,FC-8
ORD-10022,2026-03-12,1161,2,Delivered,South,Apparel,FC-6
ORD-10041,2026-03-16,6556,5,Delivered,East,Home,FC-7
ORD-10293,2026-03-16,975,5,Shipped,North,Grocery,FC-8
ORD-10004,2026-03-18,3260,1,Shipped,West,Electronics,FC-3
ORD-10356,2026-03-18,697,1,Cancelled,South,Home,FC-4
ORD-10106,2026-03-19,1947,2,Pending,South,Apparel,FC-3
ORD-10396,2026-03-20,1571,4,Cancelled,South,Apparel,FC-7
ORD-10053,2026-03-22,1361,3,Cancelled,East,Apparel,FC-8
ORD-10361,2026-03-22,12723,4,Delivered,North,Electronics,FC-6
ORD-10193,2026-03-24,12212,4,Pending,South,Electronics,FC-6
ORD-10165,2026-03-25,292,1,Shipped,West,Beauty,FC-3
ORD-10282,2026-03-25,3909,4,Returned,East,Home,FC-6
ORD-10374,2026-03-26,1513,3,Shipped,East,Beauty,FC-8
ORD-10028,2026-03-27,2388,4,Cancelled,East,Beauty,FC-7
ORD-10070,2026-03-31,2493,3,Delivered,East,Apparel,FC-5
ORD-10150,2026-03-31,1357,5,Cancelled,South,Grocery,FC-2
ORD-10296,2026-03-31,702,2,Delivered,South,Beauty,FC-7
ORD-10027,2026-04-01,1396,5,Delivered,North,Grocery,FC-2
ORD-10104,2026-04-01,2898,4,Shipped,West,Apparel,FC-2
ORD-10072,2026-04-03,1379,3,Cancelled,East,Beauty,FC-8
ORD-10321,2026-04-04,13138,5,Pending,South,Electronics,FC-1
ORD-10009,2026-04-05,1340,5,Pending,West,Beauty,FC-3
ORD-10283,2026-04-06,932,1,Pending,East,Home,FC-8
ORD-10144,2026-04-07,2068,4,Pending,West,Apparel,FC-5
ORD-10048,2026-04-08,10108,3,Pending,South,Electronics,FC-4
ORD-10275,2026-04-08,1198,1,Shipped,East,Home,FC-8
ORD-10034,2026-04-09,1753,3,Delivered,North,Apparel,FC-5
ORD-10251,2026-04-09,773,5,Returned,West,Grocery,FC-7
ORD-10198,2026-04-10,1109,2,Delivered,North,Apparel,FC-8
ORD-10351,2026-04-10,3155,5,Shipped,East,Apparel,FC-3
ORD-10149,2026-04-12,5572,2,Pending,East,Electronics,FC-8
ORD-10297,2026-04-15,2242,4,Shipped,East,Beauty,FC-2
ORD-10005,2026-04-16,2642,1,Shipped,North,Electronics,FC-6
ORD-10300,2026-04-18,1521,3,Returned,South,Apparel,FC-8
ORD-10025,2026-04-20,12877,5,Cancelled,West,Electronics,FC-4
ORD-10236,2026-04-20,1654,3,Shipped,South,Apparel,FC-8
ORD-10286,2026-04-21,7673,5,Pending,East,Electronics,FC-6
ORD-10380,2026-04-21,4943,4,Returned,North,Home,FC-2
ORD-10168,2026-04-22,1284,5,Shipped,East,Grocery,FC-2
ORD-10264,2026-04-22,2425,1,Delivered,East,Electronics,FC-5
ORD-10057,2026-04-23,919,4,Returned,North,Grocery,FC-2
ORD-10105,2026-04-24,1544,1,Delivered,South,Electronics,FC-7
ORD-10260,2026-04-24,260,1,Shipped,East,Grocery,FC-8
ORD-10323,2026-04-26,1268,2,Shipped,North,Apparel,FC-5
ORD-10233,2026-04-28,3190,4,Delivered,South,Home,FC-4
ORD-10248,2026-04-30,12875,4,Pending,East,Electronics,FC-5
ORD-10084,2026-05-02,343,2,Pending,East,Grocery,FC-1
ORD-10268,2026-05-04,1286,5,Pending,North,Beauty,FC-1
ORD-10271,2026-05-06,1063,3,Delivered,South,Beauty,FC-8
ORD-10091,2026-05-08,2610,2,Pending,South,Home,FC-5
ORD-10241,2026-05-09,3165,5,Shipped,East,Home,FC-1
ORD-10333,2026-05-09,421,1,Pending,South,Apparel,FC-6
ORD-10344,2026-05-09,9241,3,Delivered,West,Electronics,FC-3
ORD-10395,2026-05-10,7054,3,Delivered,North,Electronics,FC-8
ORD-10050,2026-05-13,1337,5,Delivered,North,Grocery,FC-3
ORD-10056,2026-05-13,3796,4,Delivered,North,Home,FC-7
ORD-10103,2026-05-15,4984,4,Returned,North,Home,FC-5
ORD-10375,2026-05-15,1118,3,Pending,East,Beauty,FC-1
ORD-10017,2026-05-16,11249,4,Returned,West,Electronics,FC-2
ORD-10130,2026-05-16,2824,5,Shipped,South,Apparel,FC-3
ORD-10092,2026-05-17,724,1,Returned,East,Apparel,FC-5
ORD-10118,2026-05-19,1057,1,Shipped,East,Home,FC-6
ORD-10256,2026-05-19,871,1,Delivered,North,Apparel,FC-2
ORD-10276,2026-05-22,280,1,Delivered,West,Grocery,FC-3
ORD-10097,2026-05-23,1601,3,Delivered,North,Beauty,FC-3
ORD-10210,2026-05-24,10964,4,Pending,East,Electronics,FC-1
ORD-10203,2026-05-25,531,3,Delivered,West,Grocery,FC-8
ORD-10095,2026-05-31,2842,1,Delivered,North,Electronics,FC-4
ORD-10311,2026-05-31,12716,5,Delivered,West,Electronics,FC-4
ORD-10367,2026-05-31,599,2,Cancelled,North,Beauty,FC-8
ORD-10391,2026-05-31,5989,5,Cancelled,West,Home,FC-6
ORD-10362,2026-06-01,1635,5,Delivered,West,Beauty,FC-2
ORD-10211,2026-06-02,1776,4,Returned,East,Apparel,FC-7
ORD-10089,2026-06-03,976,3,Delivered,East,Grocery,FC-5
ORD-10398,2026-06-03,2806,3,Cancelled,West,Home,FC-1
ORD-10079,2026-06-04,2918,3,Delivered,East,Apparel,FC-1
ORD-10359,2026-06-04,392,1,Delivered,South,Beauty,FC-2
ORD-10209,2026-06-05,10673,5,Delivered,East,Electronics,FC-4
ORD-10044,2026-06-07,2205,4,Shipped,West,Beauty,FC-3
ORD-10142,2026-06-08,2531,2,Returned,East,Home,FC-4
ORD-10202,2026-06-08,1992,4,Returned,West,Apparel,FC-1
ORD-10390,2026-06-09,965,1,Shipped,West,Home,FC-5
ORD-10399,2026-06-09,5967,5,Delivered,East,Home,FC-5
ORD-10259,2026-06-10,219,1,Cancelled,East,Grocery,FC-6
ORD-10385,2026-06-10,3048,3,Shipped,West,Home,FC-1
ORD-10201,2026-06-11,15613,5,Cancelled,East,Electronics,FC-3
ORD-10012,2026-06-12,3983,5,Returned,West,Apparel,FC-4
ORD-10314,2026-06-12,999,4,Delivered,East,Grocery,FC-6
ORD-10007,2026-06-13,11642,4,Pending,West,Electronics,FC-1
ORD-10257,2026-06-13,3360,3,Delivered,North,Home,FC-3
ORD-10179,2026-06-17,1258,5,Delivered,West,Grocery,FC-3
ORD-10146,2026-06-18,4774,3,Cancelled,South,Electronics,FC-2
ORD-10230,2026-06-18,464,1,Delivered,West,Apparel,FC-2
ORD-10019,2026-06-19,719,1,Returned,East,Home,FC-8
ORD-10116,2026-06-19,1211,5,Delivered,North,Grocery,FC-7
ORD-10237,2026-06-19,4879,5,Delivered,East,Home,FC-3
ORD-10125,2026-06-21,2365,4,Pending,South,Apparel,FC-8
ORD-10127,2026-06-21,1114,1,Delivered,South,Home,FC-1
ORD-10258,2026-06-21,336,2,Delivered,North,Grocery,FC-7
ORD-10035,2026-06-22,2306,3,Shipped,North,Apparel,FC-1
ORD-10135,2026-06-22,365,2,Delivered,East,Grocery,FC-7
ORD-10206,2026-06-25,2837,4,Returned,East,Home,FC-6
ORD-10309,2026-06-25,267,1,Pending,East,Beauty,FC-4
ORD-10078,2026-06-27,3316,5,Shipped,West,Apparel,FC-6
ORD-10222,2026-06-27,2903,3,Pending,East,Apparel,FC-4
ORD-10061,2026-06-28,504,3,Pending,East,Grocery,FC-2
ORD-10338,2026-06-29,1287,3,Delivered,West,Beauty,FC-6
ORD-10227,2026-07-01,1916,4,Delivered,West,Beauty,FC-5
ORD-10387,2026-07-02,3792,5,Returned,South,Apparel,FC-4
ORD-10166,2026-07-04,2600,3,Delivered,East,Home,FC-4
ORD-10354,2026-07-05,2709,5,Shipped,West,Beauty,FC-1
ORD-10337,2026-07-06,178,1,Delivered,North,Grocery,FC-6
ORD-10102,2026-07-07,542,2,Shipped,South,Grocery,FC-3
ORD-10159,2026-07-07,243,1,Cancelled,South,Grocery,FC-8
ORD-10120,2026-07-08,939,1,Delivered,North,Apparel,FC-5
ORD-10023,2026-07-09,8475,4,Delivered,South,Electronics,FC-1
ORD-10371,2026-07-11,1494,3,Shipped,West,Beauty,FC-8
ORD-10113,2026-07-12,17007,5,Returned,North,Electronics,FC-2
ORD-10006,2026-07-13,4942,4,Shipped,North,Home,FC-3
ORD-10328,2026-07-13,1929,5,Cancelled,South,Beauty,FC-2
ORD-10064,2026-07-15,2604,4,Shipped,South,Apparel,FC-4
ORD-10002,2026-07-18,2989,4,Delivered,South,Apparel,FC-7
ORD-10252,2026-07-18,1355,2,Pending,East,Apparel,FC-3
ORD-10364,2026-07-18,1652,1,Returned,North,Electronics,FC-3
ORD-10326,2026-07-20,1097,2,Shipped,South,Apparel,FC-7
ORD-10176,2026-07-22,14914,5,Shipped,East,Electronics,FC-3
ORD-10340,2026-07-22,9714,3,Shipped,West,Electronics,FC-2
ORD-10215,2026-07-23,694,5,Returned,South,Grocery,FC-3
ORD-10181,2026-07-24,5712,3,Cancelled,East,Electronics,FC-5
ORD-10191,2026-07-24,422,2,Shipped,South,Grocery,FC-5
ORD-10039,2026-07-25,1569,1,Delivered,East,Electronics,FC-6
ORD-10250,2026-07-25,1269,1,Shipped,East,Home,FC-6
ORD-10100,2026-07-26,8226,5,Shipped,East,Electronics,FC-5
ORD-10134,2026-07-26,4650,5,Pending,West,Home,FC-7
ORD-10325,2026-07-26,1575,2,Returned,North,Home,FC-7
ORD-10231,2026-07-27,1065,3,Delivered,East,Beauty,FC-6
ORD-10081,2026-07-28,267,1,Pending,East,Grocery,FC-5
ORD-10187,2026-07-29,3133,5,Delivered,North,Apparel,FC-8
ORD-10020,2026-07-30,6215,3,Shipped,South,Electronics,FC-4
ORD-10197,2026-08-01,972,1,Returned,East,Apparel,FC-3
ORD-10277,2026-08-02,1072,3,Returned,West,Beauty,FC-5
ORD-10036,2026-08-04,304,1,Shipped,East,Grocery,FC-1
ORD-10026,2026-08-05,1575,5,Shipped,East,Beauty,FC-8
ORD-10156,2026-08-05,17671,5,Delivered,South,Electronics,FC-8
ORD-10255,2026-08-05,5997,2,Pending,West,Electronics,FC-3
ORD-10032,2026-08-06,579,1,Delivered,South,Home,FC-5
ORD-10273,2026-08-06,927,3,Shipped,North,Grocery,FC-7
ORD-10324,2026-08-08,4154,2,Delivered,South,Electronics,FC-7
ORD-10145,2026-08-09,1248,1,Delivered,East,Home,FC-7
ORD-10171,2026-08-09,1060,2,Delivered,South,Apparel,FC-2
ORD-10199,2026-08-09,488,1,Returned,South,Apparel,FC-5
ORD-10373,2026-08-09,3177,2,Pending,North,Electronics,FC-3
ORD-10207,2026-08-10,487,3,Cancelled,East,Grocery,FC-1
ORD-10266,2026-08-11,2254,4,Pending,West,Home,FC-8
ORD-10108,2026-08-15,281,1,Shipped,North,Grocery,FC-5
ORD-10254,2026-08-15,360,2,Shipped,North,Grocery,FC-6
ORD-10054,2026-08-16,2176,1,Delivered,North,Electronics,FC-8
ORD-10384,2026-08-16,1861,2,Cancelled,North,Home,FC-6
ORD-10052,2026-08-22,826,2,Delivered,South,Beauty,FC-6
ORD-10306,2026-08-22,2158,5,Delivered,East,Beauty,FC-1
ORD-10355,2026-08-22,2500,2,Pending,North,Home,FC-4
ORD-10372,2026-08-22,14369,4,Shipped,North,Electronics,FC-7
ORD-10184,2026-08-23,2063,5,Shipped,South,Beauty,FC-1
ORD-10014,2026-08-24,2330,5,Returned,North,Apparel,FC-6
ORD-10205,2026-08-24,692,1,Delivered,North,Home,FC-8
ORD-10218,2026-08-24,689,5,Pending,East,Grocery,FC-5
ORD-10031,2026-08-27,2337,4,Returned,South,Beauty,FC-6
ORD-10141,2026-08-27,378,2,Returned,East,Grocery,FC-2
ORD-10208,2026-08-27,14696,5,Delivered,East,Electronics,FC-2
ORD-10220,2026-08-27,594,1,Cancelled,North,Apparel,FC-6
ORD-10122,2026-08-29,1894,4,Returned,West,Beauty,FC-4
ORD-10262,2026-08-29,476,3,Pending,South,Grocery,FC-2
ORD-10279,2026-08-30,1204,5,Delivered,West,Beauty,FC-2
ORD-10368,2026-08-30,250,1,Delivered,West,Beauty,FC-3
ORD-10214,2026-08-31,488,3,Pending,South,Grocery,FC-3
ORD-10167,2026-09-02,1872,4,Delivered,South,Apparel,FC-2
ORD-10383,2026-09-04,1372,3,Delivered,South,Beauty,FC-7
ORD-10126,2026-09-05,892,4,Delivered,South,Grocery,FC-3
ORD-10133,2026-09-05,287,1,Pending,North,Beauty,FC-2
ORD-10151,2026-09-06,2210,4,Returned,West,Apparel,FC-6
ORD-10317,2026-09-08,587,1,Pending,South,Beauty,FC-3
ORD-10334,2026-09-08,887,2,Delivered,East,Beauty,FC-2
ORD-10003,2026-09-09,546,1,Delivered,North,Apparel,FC-7
ORD-10347,2026-09-09,425,2,Delivered,South,Grocery,FC-3
ORD-10370,2026-09-10,4827,4,Returned,West,Home,FC-3
ORD-10140,2026-09-11,6590,5,Shipped,East,Home,FC-2
ORD-10336,2026-09-11,2339,4,Returned,East,Home,FC-4
ORD-10292,2026-09-12,965,1,Delivered,South,Apparel,FC-5
ORD-10117,2026-09-13,641,2,Returned,West,Grocery,FC-2
ORD-10288,2026-09-13,820,4,Shipped,North,Grocery,FC-1
ORD-10281,2026-09-14,1035,1,Delivered,West,Home,FC-5
ORD-10065,2026-09-15,433,2,Delivered,East,Grocery,FC-1
ORD-10221,2026-09-17,7673,5,Cancelled,North,Electronics,FC-3
ORD-10312,2026-09-17,865,1,Delivered,North,Home,FC-4
ORD-10265,2026-09-19,570,2,Returned,North,Beauty,FC-2
ORD-10110,2026-09-20,850,1,Shipped,South,Home,FC-1
ORD-10068,2026-09-22,489,1,Delivered,South,Beauty,FC-6
ORD-10310,2026-09-22,1046,4,Pending,South,Grocery,FC-3
ORD-10178,2026-09-23,2635,5,Delivered,North,Apparel,FC-4
ORD-10274,2026-09-23,1727,2,Shipped,North,Apparel,FC-6
ORD-10294,2026-09-23,1827,4,Returned,East,Beauty,FC-2
ORD-10379,2026-09-23,1153,2,Pending,South,Home,FC-8
ORD-10114,2026-09-24,1029,4,Delivered,East,Grocery,FC-6
ORD-10369,2026-09-24,1014,4,Pending,West,Grocery,FC-2
ORD-10083,2026-09-27,4692,3,Pending,East,Electronics,FC-1
